<?xml version="1.0" encoding="UTF-8"?>
<!DOCTYPE html PUBLIC "-//W3C//DTD XHTML 1.0 Strict//EN" "http://www.w3.org/TR/xhtml1/DTD/xhtml1-strict.dtd">
<html xmlns="http://www.w3.org/1999/xhtml" xml:lang="en" lang="en">
 <?php $app_title = "DNSGen - DNS Generator"; ?>
 <head>
  <title><?php echo $app_title; ?></title>
  <script type="text/javascript">
   <![CDATA[
   ]]>
  </script>
 </head>
 <?php if (isset($_REQUEST['action'])) {$action = $_REQUEST['action'];} else {$action = "";}; ?>
 <body>
  <h1><?php echo $app_title; ?></h1>
  <p>
   <?php echo "actie=" . $action; ?>
  </p><p>
   <a href="?action=1">Hier</a>
  </p>
 </body>
</html>